id,firstname,lastname,salary,address,dateofbirth,department
1,FirstName1,LastName1,30001,Pune,1990-01-02,HR
2,FirstName2,LastName2,30002,Bangalore,1990-01-03,Finance
3,FirstName3,LastName3,30003,Hyderabad,1990-01-04,Sales
4,FirstName4,LastName4,30004,Chennai,1990-01-05,Marketing
5,FirstName5,LastName5,30005,Delhi,1990-01-06,Support
6,FirstName6,LastName6,30006,Noida,1990-01-07,Admin
7,FirstName7,LastName7,30007,Gurgaon,1990-01-08,Operations
8,FirstName8,LastName8,30008,Mumbai,1990-01-09,IT
9,FirstName9,LastName9,30009,Pune,1990-01-10,HR
10,FirstName10,LastName10,30010,Bangalore,1990-01-11,Finance
11,FirstName11,LastName11,30011,Hyderabad,1990-01-12,Sales
12,FirstName12,LastName12,30012,Chennai,1990-01-13,Marketing
13,FirstName13,LastName13,30013,Delhi,1990-01-14,Support
14,FirstName14,LastName14,30014,Noida,1990-01-15,Admin
15,FirstName15,LastName15,30015,Gurgaon,1990-01-16,Operations
16,FirstName16,LastName16,30016,Mumbai,1990-01-17,IT
17,FirstName17,LastName17,30017,Pune,1990-01-18,HR
18,FirstName18,LastName18,30018,Bangalore,1990-01-19,Finance
19,FirstName19,LastName19,30019,Hyderabad,1990-01-20,Sales
20,FirstName20,LastName20,30020,Chennai,1990-01-21,Marketing
21,FirstName21,LastName21,30021,Delhi,1990-01-22,Support
22,FirstName22,LastName22,30022,Noida,1990-01-23,Admin
23,FirstName23,LastName23,30023,Gurgaon,1990-01-24,Operations
24,FirstName24,LastName24,30024,Mumbai,1990-01-25,IT
25,FirstName25,LastName25,30025,Pune,1990-01-26,HR
26,FirstName26,LastName26,30026,Bangalore,1990-01-27,Finance
27,FirstName27,LastName27,30027,Hyderabad,1990-01-28,Sales
28,FirstName28,LastName28,30028,Chennai,1990-01-29,Marketing
29,FirstName29,LastName29,30029,Delhi,1990-01-30,Support
30,FirstName30,LastName30,30030,Noida,1990-01-31,Admin
31,FirstName31,LastName31,30031,Gurgaon,1990-02-01,Operations
32,FirstName32,LastName32,30032,Mumbai,1990-02-02,IT
33,FirstName33,LastName33,30033,Pune,1990-02-03,HR
34,FirstName34,LastName34,30034,Bangalore,1990-02-04,Finance
35,FirstName35,LastName35,30035,Hyderabad,1990-02-05,Sales
36,FirstName36,LastName36,30036,Chennai,1990-02-06,Marketing
37,FirstName37,LastName37,30037,Delhi,1990-02-07,Support
38,FirstName38,LastName38,30038,Noida,1990-02-08,Admin
39,FirstName39,LastName39,30039,Gurgaon,1990-02-09,Operations
40,FirstName40,LastName40,30040,Mumbai,1990-02-10,IT
41,FirstName41,LastName41,30041,Pune,1990-02-11,HR
42,FirstName42,LastName42,30042,Bangalore,1990-02-12,Finance
43,FirstName43,LastName43,30043,Hyderabad,1990-02-13,Sales
44,FirstName44,LastName44,30044,Chennai,1990-02-14,Marketing
45,FirstName45,LastName45,30045,Delhi,1990-02-15,Support
46,FirstName46,LastName46,30046,Noida,1990-02-16,Admin
47,FirstName47,LastName47,30047,Gurgaon,1990-02-17,Operations
48,FirstName48,LastName48,30048,Mumbai,1990-02-18,IT
49,FirstName49,LastName49,30049,Pune,1990-02-19,HR
50,FirstName50,LastName50,30050,Bangalore,1990-02-20,Finance
51,FirstName51,LastName51,30051,Hyderabad,1990-02-21,Sales
52,FirstName52,LastName52,30052,Chennai,1990-02-22,Marketing
53,FirstName53,LastName53,30053,Delhi,1990-02-23,Support
54,FirstName54,LastName54,30054,Noida,1990-02-24,Admin
55,FirstName55,LastName55,30055,Gurgaon,1990-02-25,Operations
56,FirstName56,LastName56,30056,Mumbai,1990-02-26,IT
57,FirstName57,LastName57,30057,Pune,1990-02-27,HR
58,FirstName58,LastName58,30058,Bangalore,1990-02-28,Finance
59,FirstName59,LastName59,30059,Hyderabad,1990-03-01,Sales
60,FirstName60,LastName60,30060,Chennai,1990-03-02,Marketing
61,FirstName61,LastName61,30061,Delhi,1990-03-03,Support
62,FirstName62,LastName62,30062,Noida,1990-03-04,Admin
63,FirstName63,LastName63,30063,Gurgaon,1990-03-05,Operations
64,FirstName64,LastName64,30064,Mumbai,1990-03-06,IT
65,FirstName65,LastName65,30065,Pune,1990-03-07,HR
66,FirstName66,LastName66,30066,Bangalore,1990-03-08,Finance
67,FirstName67,LastName67,30067,Hyderabad,1990-03-09,Sales
68,FirstName68,LastName68,30068,Chennai,1990-03-10,Marketing
69,FirstName69,LastName69,30069,Delhi,1990-03-11,Support
70,FirstName70,LastName70,30070,Noida,1990-03-12,Admin
71,FirstName71,LastName71,30071,Gurgaon,1990-03-13,Operations
72,FirstName72,LastName72,30072,Mumbai,1990-03-14,IT
73,FirstName73,LastName73,30073,Pune,1990-03-15,HR
74,FirstName74,LastName74,30074,Bangalore,1990-03-16,Finance
75,FirstName75,LastName75,30075,Hyderabad,1990-03-17,Sales
76,FirstName76,LastName76,30076,Chennai,1990-03-18,Marketing
77,FirstName77,LastName77,30077,Delhi,1990-03-19,Support
78,FirstName78,LastName78,30078,Noida,1990-03-20,Admin
79,FirstName79,LastName79,30079,Gurgaon,1990-03-21,Operations
80,FirstName80,LastName80,30080,Mumbai,1990-03-22,IT
81,FirstName81,LastName81,30081,Pune,1990-03-23,HR
82,FirstName82,LastName82,30082,Bangalore,1990-03-24,Finance
83,FirstName83,LastName83,30083,Hyderabad,1990-03-25,Sales
84,FirstName84,LastName84,30084,Chennai,1990-03-26,Marketing
85,FirstName85,LastName85,30085,Delhi,1990-03-27,Support
86,FirstName86,LastName86,30086,Noida,1990-03-28,Admin
87,FirstName87,LastName87,30087,Gurgaon,1990-03-29,Operations
88,FirstName88,LastName88,30088,Mumbai,1990-03-30,IT
89,FirstName89,LastName89,30089,Pune,1990-03-31,HR
90,FirstName90,LastName90,30090,Bangalore,1990-04-01,Finance
91,FirstName91,LastName91,30091,Hyderabad,1990-04-02,Sales
92,FirstName92,LastName92,30092,Chennai,1990-04-03,Marketing
93,FirstName93,LastName93,30093,Delhi,1990-04-04,Support
94,FirstName94,LastName94,30094,Noida,1990-04-05,Admin
95,FirstName95,LastName95,30095,Gurgaon,1990-04-06,Operations
96,FirstName96,LastName96,30096,Mumbai,1990-04-07,IT
97,FirstName97,LastName97,30097,Pune,1990-04-08,HR
98,FirstName98,LastName98,30098,Bangalore,1990-04-09,Finance
99,FirstName99,LastName99,30099,Hyderabad,1990-04-10,Sales
100,FirstName100,LastName100,30100,Chennai,1990-04-11,Marketing
101,FirstName101,LastName101,30101,Delhi,1990-04-12,Support
102,FirstName102,LastName102,30102,Noida,1990-04-13,Admin
103,FirstName103,LastName103,30103,Gurgaon,1990-04-14,Operations
104,FirstName104,LastName104,30104,Mumbai,1990-04-15,IT
105,FirstName105,LastName105,30105,Pune,1990-04-16,HR
106,FirstName106,LastName106,30106,Bangalore,1990-04-17,Finance
107,FirstName107,LastName107,30107,Hyderabad,1990-04-18,Sales
108,FirstName108,LastName108,30108,Chennai,1990-04-19,Marketing
109,FirstName109,LastName109,30109,Delhi,1990-04-20,Support
110,FirstName110,LastName110,30110,Noida,1990-04-21,Admin
111,FirstName111,LastName111,30111,Gurgaon,1990-04-22,Operations
112,FirstName112,LastName112,30112,Mumbai,1990-04-23,IT
113,FirstName113,LastName113,30113,Pune,1990-04-24,HR
114,FirstName114,LastName114,30114,Bangalore,1990-04-25,Finance
115,FirstName115,LastName115,30115,Hyderabad,1990-04-26,Sales
116,FirstName116,LastName116,30116,Chennai,1990-04-27,Marketing
117,FirstName117,LastName117,30117,Delhi,1990-04-28,Support
118,FirstName118,LastName118,30118,Noida,1990-04-29,Admin
119,FirstName119,LastName119,30119,Gurgaon,1990-04-30,Operations
120,FirstName120,LastName120,30120,Mumbai,1990-05-01,IT
121,FirstName121,LastName121,30121,Pune,1990-05-02,HR
122,FirstName122,LastName122,30122,Bangalore,1990-05-03,Finance
123,FirstName123,LastName123,30123,Hyderabad,1990-05-04,Sales
124,FirstName124,LastName124,30124,Chennai,1990-05-05,Marketing
125,FirstName125,LastName125,30125,Delhi,1990-05-06,Support
126,FirstName126,LastName126,30126,Noida,1990-05-07,Admin
127,FirstName127,LastName127,30127,Gurgaon,1990-05-08,Operations
128,FirstName128,LastName128,30128,Mumbai,1990-05-09,IT
129,FirstName129,LastName129,30129,Pune,1990-05-10,HR
130,FirstName130,LastName130,30130,Bangalore,1990-05-11,Finance
131,FirstName131,LastName131,30131,Hyderabad,1990-05-12,Sales
132,FirstName132,LastName132,30132,Chennai,1990-05-13,Marketing
133,FirstName133,LastName133,30133,Delhi,1990-05-14,Support
134,FirstName134,LastName134,30134,Noida,1990-05-15,Admin
135,FirstName135,LastName135,30135,Gurgaon,1990-05-16,Operations
136,FirstName136,LastName136,30136,Mumbai,1990-05-17,IT
137,FirstName137,LastName137,30137,Pune,1990-05-18,HR
138,FirstName138,LastName138,30138,Bangalore,1990-05-19,Finance
139,FirstName139,LastName139,30139,Hyderabad,1990-05-20,Sales
140,FirstName140,LastName140,30140,Chennai,1990-05-21,Marketing
141,FirstName141,LastName141,30141,Delhi,1990-05-22,Support
142,FirstName142,LastName142,30142,Noida,1990-05-23,Admin
143,FirstName143,LastName143,30143,Gurgaon,1990-05-24,Operations
144,FirstName144,LastName144,30144,Mumbai,1990-05-25,IT
145,FirstName145,LastName145,30145,Pune,1990-05-26,HR
146,FirstName146,LastName146,30146,Bangalore,1990-05-27,Finance
147,FirstName147,LastName147,30147,Hyderabad,1990-05-28,Sales
148,FirstName148,LastName148,30148,Chennai,1990-05-29,Marketing
149,FirstName149,LastName149,30149,Delhi,1990-05-30,Support
150,FirstName150,LastName150,30150,Noida,1990-05-31,Admin
151,FirstName151,LastName151,30151,Gurgaon,1990-06-01,Operations
152,FirstName152,LastName152,30152,Mumbai,1990-06-02,IT
153,FirstName153,LastName153,30153,Pune,1990-06-03,HR
154,FirstName154,LastName154,30154,Bangalore,1990-06-04,Finance
155,FirstName155,LastName155,30155,Hyderabad,1990-06-05,Sales
156,FirstName156,LastName156,30156,Chennai,1990-06-06,Marketing
157,FirstName157,LastName157,30157,Delhi,1990-06-07,Support
158,FirstName158,LastName158,30158,Noida,1990-06-08,Admin
159,FirstName159,LastName159,30159,Gurgaon,1990-06-09,Operations
160,FirstName160,LastName160,30160,Mumbai,1990-06-10,IT
161,FirstName161,LastName161,30161,Pune,1990-06-11,HR
162,FirstName162,LastName162,30162,Bangalore,1990-06-12,Finance
163,FirstName163,LastName163,30163,Hyderabad,1990-06-13,Sales
164,FirstName164,LastName164,30164,Chennai,1990-06-14,Marketing
165,FirstName165,LastName165,30165,Delhi,1990-06-15,Support
166,FirstName166,LastName166,30166,Noida,1990-06-16,Admin
167,FirstName167,LastName167,30167,Gurgaon,1990-06-17,Operations
168,FirstName168,LastName168,30168,Mumbai,1990-06-18,IT
169,FirstName169,LastName169,30169,Pune,1990-06-19,HR
170,FirstName170,LastName170,30170,Bangalore,1990-06-20,Finance
171,FirstName171,LastName171,30171,Hyderabad,1990-06-21,Sales
172,FirstName172,LastName172,30172,Chennai,1990-06-22,Marketing
173,FirstName173,LastName173,30173,Delhi,1990-06-23,Support
174,FirstName174,LastName174,30174,Noida,1990-06-24,Admin
175,FirstName175,LastName175,30175,Gurgaon,1990-06-25,Operations
176,FirstName176,LastName176,30176,Mumbai,1990-06-26,IT
177,FirstName177,LastName177,30177,Pune,1990-06-27,HR
178,FirstName178,LastName178,30178,Bangalore,1990-06-28,Finance
179,FirstName179,LastName179,30179,Hyderabad,1990-06-29,Sales
180,FirstName180,LastName180,30180,Chennai,1990-06-30,Marketing
181,FirstName181,LastName181,30181,Delhi,1990-07-01,Support
182,FirstName182,LastName182,30182,Noida,1990-07-02,Admin
183,FirstName183,LastName183,30183,Gurgaon,1990-07-03,Operations
184,FirstName184,LastName184,30184,Mumbai,1990-07-04,IT
185,FirstName185,LastName185,30185,Pune,1990-07-05,HR
186,FirstName186,LastName186,30186,Bangalore,1990-07-06,Finance
187,FirstName187,LastName187,30187,Hyderabad,1990-07-07,Sales
188,FirstName188,LastName188,30188,Chennai,1990-07-08,Marketing
189,FirstName189,LastName189,30189,Delhi,1990-07-09,Support
190,FirstName190,LastName190,30190,Noida,1990-07-10,Admin
191,FirstName191,LastName191,30191,Gurgaon,1990-07-11,Operations
192,FirstName192,LastName192,30192,Mumbai,1990-07-12,IT
193,FirstName193,LastName193,30193,Pune,1990-07-13,HR
194,FirstName194,LastName194,30194,Bangalore,1990-07-14,Finance
195,FirstName195,LastName195,30195,Hyderabad,1990-07-15,Sales
196,FirstName196,LastName196,30196,Chennai,1990-07-16,Marketing
197,FirstName197,LastName197,30197,Delhi,1990-07-17,Support
198,FirstName198,LastName198,30198,Noida,1990-07-18,Admin
199,FirstName199,LastName199,30199,Gurgaon,1990-07-19,Operations
200,FirstName200,LastName200,30200,Mumbai,1990-07-20,IT
201,FirstName201,LastName201,30201,Pune,1990-07-21,HR
202,FirstName202,LastName202,30202,Bangalore,1990-07-22,Finance
203,FirstName203,LastName203,30203,Hyderabad,1990-07-23,Sales
204,FirstName204,LastName204,30204,Chennai,1990-07-24,Marketing
205,FirstName205,LastName205,30205,Delhi,1990-07-25,Support
206,FirstName206,LastName206,30206,Noida,1990-07-26,Admin
207,FirstName207,LastName207,30207,Gurgaon,1990-07-27,Operations
208,FirstName208,LastName208,30208,Mumbai,1990-07-28,IT
209,FirstName209,LastName209,30209,Pune,1990-07-29,HR
210,FirstName210,LastName210,30210,Bangalore,1990-07-30,Finance
211,FirstName211,LastName211,30211,Hyderabad,1990-07-31,Sales
212,FirstName212,LastName212,30212,Chennai,1990-08-01,Marketing
213,FirstName213,LastName213,30213,Delhi,1990-08-02,Support
214,FirstName214,LastName214,30214,Noida,1990-08-03,Admin
215,FirstName215,LastName215,30215,Gurgaon,1990-08-04,Operations
216,FirstName216,LastName216,30216,Mumbai,1990-08-05,IT
217,FirstName217,LastName217,30217,Pune,1990-08-06,HR
218,FirstName218,LastName218,30218,Bangalore,1990-08-07,Finance
219,FirstName219,LastName219,30219,Hyderabad,1990-08-08,Sales
220,FirstName220,LastName220,30220,Chennai,1990-08-09,Marketing
221,FirstName221,LastName221,30221,Delhi,1990-08-10,Support
222,FirstName222,LastName222,30222,Noida,1990-08-11,Admin
223,FirstName223,LastName223,30223,Gurgaon,1990-08-12,Operations
224,FirstName224,LastName224,30224,Mumbai,1990-08-13,IT
225,FirstName225,LastName225,30225,Pune,1990-08-14,HR
226,FirstName226,LastName226,30226,Bangalore,1990-08-15,Finance
227,FirstName227,LastName227,30227,Hyderabad,1990-08-16,Sales
228,FirstName228,LastName228,30228,Chennai,1990-08-17,Marketing
229,FirstName229,LastName229,30229,Delhi,1990-08-18,Support
230,FirstName230,LastName230,30230,Noida,1990-08-19,Admin
231,FirstName231,LastName231,30231,Gurgaon,1990-08-20,Operations
232,FirstName232,LastName232,30232,Mumbai,1990-08-21,IT
233,FirstName233,LastName233,30233,Pune,1990-08-22,HR
234,FirstName234,LastName234,30234,Bangalore,1990-08-23,Finance
235,FirstName235,LastName235,30235,Hyderabad,1990-08-24,Sales
236,FirstName236,LastName236,30236,Chennai,1990-08-25,Marketing
237,FirstName237,LastName237,30237,Delhi,1990-08-26,Support
238,FirstName238,LastName238,30238,Noida,1990-08-27,Admin
239,FirstName239,LastName239,30239,Gurgaon,1990-08-28,Operations
240,FirstName240,LastName240,30240,Mumbai,1990-08-29,IT
241,FirstName241,LastName241,30241,Pune,1990-08-30,HR
242,FirstName242,LastName242,30242,Bangalore,1990-08-31,Finance
243,FirstName243,LastName243,30243,Hyderabad,1990-09-01,Sales
244,FirstName244,LastName244,30244,Chennai,1990-09-02,Marketing
245,FirstName245,LastName245,30245,Delhi,1990-09-03,Support
246,FirstName246,LastName246,30246,Noida,1990-09-04,Admin
247,FirstName247,LastName247,30247,Gurgaon,1990-09-05,Operations
248,FirstName248,LastName248,30248,Mumbai,1990-09-06,IT
249,FirstName249,LastName249,30249,Pune,1990-09-07,HR
250,FirstName250,LastName250,30250,Bangalore,1990-09-08,Finance
251,FirstName251,LastName251,30251,Hyderabad,1990-09-09,Sales
252,FirstName252,LastName252,30252,Chennai,1990-09-10,Marketing
253,FirstName253,LastName253,30253,Delhi,1990-09-11,Support
254,FirstName254,LastName254,30254,Noida,1990-09-12,Admin
255,FirstName255,LastName255,30255,Gurgaon,1990-09-13,Operations
256,FirstName256,LastName256,30256,Mumbai,1990-09-14,IT
257,FirstName257,LastName257,30257,Pune,1990-09-15,HR
258,FirstName258,LastName258,30258,Bangalore,1990-09-16,Finance
259,FirstName259,LastName259,30259,Hyderabad,1990-09-17,Sales
260,FirstName260,LastName260,30260,Chennai,1990-09-18,Marketing
261,FirstName261,LastName261,30261,Delhi,1990-09-19,Support
262,FirstName262,LastName262,30262,Noida,1990-09-20,Admin
263,FirstName263,LastName263,30263,Gurgaon,1990-09-21,Operations
264,FirstName264,LastName264,30264,Mumbai,1990-09-22,IT
265,FirstName265,LastName265,30265,Pune,1990-09-23,HR
266,FirstName266,LastName266,30266,Bangalore,1990-09-24,Finance
267,FirstName267,LastName267,30267,Hyderabad,1990-09-25,Sales
268,FirstName268,LastName268,30268,Chennai,1990-09-26,Marketing
269,FirstName269,LastName269,30269,Delhi,1990-09-27,Support
270,FirstName270,LastName270,30270,Noida,1990-09-28,Admin
271,FirstName271,LastName271,30271,Gurgaon,1990-09-29,Operations
272,FirstName272,LastName272,30272,Mumbai,1990-09-30,IT
273,FirstName273,LastName273,30273,Pune,1990-10-01,HR
274,FirstName274,LastName274,30274,Bangalore,1990-10-02,Finance
275,FirstName275,LastName275,30275,Hyderabad,1990-10-03,Sales
276,FirstName276,LastName276,30276,Chennai,1990-10-04,Marketing
277,FirstName277,LastName277,30277,Delhi,1990-10-05,Support
278,FirstName278,LastName278,30278,Noida,1990-10-06,Admin
279,FirstName279,LastName279,30279,Gurgaon,1990-10-07,Operations
280,FirstName280,LastName280,30280,Mumbai,1990-10-08,IT
281,FirstName281,LastName281,30281,Pune,1990-10-09,HR
282,FirstName282,LastName282,30282,Bangalore,1990-10-10,Finance
283,FirstName283,LastName283,30283,Hyderabad,1990-10-11,Sales
284,FirstName284,LastName284,30284,Chennai,1990-10-12,Marketing
285,FirstName285,LastName285,30285,Delhi,1990-10-13,Support
286,FirstName286,LastName286,30286,Noida,1990-10-14,Admin
287,FirstName287,LastName287,30287,Gurgaon,1990-10-15,Operations
288,FirstName288,LastName288,30288,Mumbai,1990-10-16,IT
289,FirstName289,LastName289,30289,Pune,1990-10-17,HR
290,FirstName290,LastName290,30290,Bangalore,1990-10-18,Finance
291,FirstName291,LastName291,30291,Hyderabad,1990-10-19,Sales
292,FirstName292,LastName292,30292,Chennai,1990-10-20,Marketing
293,FirstName293,LastName293,30293,Delhi,1990-10-21,Support
294,FirstName294,LastName294,30294,Noida,1990-10-22,Admin
295,FirstName295,LastName295,30295,Gurgaon,1990-10-23,Operations
296,FirstName296,LastName296,30296,Mumbai,1990-10-24,IT
297,FirstName297,LastName297,30297,Pune,1990-10-25,HR
298,FirstName298,LastName298,30298,Bangalore,1990-10-26,Finance
299,FirstName299,LastName299,30299,Hyderabad,1990-10-27,Sales
300,FirstName300,LastName300,30300,Chennai,1990-10-28,Marketing
301,FirstName301,LastName301,30301,Delhi,1990-10-29,Support
302,FirstName302,LastName302,30302,Noida,1990-10-30,Admin
303,FirstName303,LastName303,30303,Gurgaon,1990-10-31,Operations
304,FirstName304,LastName304,30304,Mumbai,1990-11-01,IT
305,FirstName305,LastName305,30305,Pune,1990-11-02,HR
306,FirstName306,LastName306,30306,Bangalore,1990-11-03,Finance
307,FirstName307,LastName307,30307,Hyderabad,1990-11-04,Sales
308,FirstName308,LastName308,30308,Chennai,1990-11-05,Marketing
309,FirstName309,LastName309,30309,Delhi,1990-11-06,Support
310,FirstName310,LastName310,30310,Noida,1990-11-07,Admin
311,FirstName311,LastName311,30311,Gurgaon,1990-11-08,Operations
312,FirstName312,LastName312,30312,Mumbai,1990-11-09,IT
313,FirstName313,LastName313,30313,Pune,1990-11-10,HR
314,FirstName314,LastName314,30314,Bangalore,1990-11-11,Finance
315,FirstName315,LastName315,30315,Hyderabad,1990-11-12,Sales
316,FirstName316,LastName316,30316,Chennai,1990-11-13,Marketing
317,FirstName317,LastName317,30317,Delhi,1990-11-14,Support
318,FirstName318,LastName318,30318,Noida,1990-11-15,Admin
319,FirstName319,LastName319,30319,Gurgaon,1990-11-16,Operations
320,FirstName320,LastName320,30320,Mumbai,1990-11-17,IT
321,FirstName321,LastName321,30321,Pune,1990-11-18,HR
322,FirstName322,LastName322,30322,Bangalore,1990-11-19,Finance
323,FirstName323,LastName323,30323,Hyderabad,1990-11-20,Sales
324,FirstName324,LastName324,30324,Chennai,1990-11-21,Marketing
325,FirstName325,LastName325,30325,Delhi,1990-11-22,Support
326,FirstName326,LastName326,30326,Noida,1990-11-23,Admin
327,FirstName327,LastName327,30327,Gurgaon,1990-11-24,Operations
328,FirstName328,LastName328,30328,Mumbai,1990-11-25,IT
329,FirstName329,LastName329,30329,Pune,1990-11-26,HR
330,FirstName330,LastName330,30330,Bangalore,1990-11-27,Finance
331,FirstName331,LastName331,30331,Hyderabad,1990-11-28,Sales
332,FirstName332,LastName332,30332,Chennai,1990-11-29,Marketing
333,FirstName333,LastName333,30333,Delhi,1990-11-30,Support
334,FirstName334,LastName334,30334,Noida,1990-12-01,Admin
335,FirstName335,LastName335,30335,Gurgaon,1990-12-02,Operations
336,FirstName336,LastName336,30336,Mumbai,1990-12-03,IT
337,FirstName337,LastName337,30337,Pune,1990-12-04,HR
338,FirstName338,LastName338,30338,Bangalore,1990-12-05,Finance
339,FirstName339,LastName339,30339,Hyderabad,1990-12-06,Sales
340,FirstName340,LastName340,30340,Chennai,1990-12-07,Marketing
341,FirstName341,LastName341,30341,Delhi,1990-12-08,Support
342,FirstName342,LastName342,30342,Noida,1990-12-09,Admin
343,FirstName343,LastName343,30343,Gurgaon,1990-12-10,Operations
344,FirstName344,LastName344,30344,Mumbai,1990-12-11,IT
345,FirstName345,LastName345,30345,Pune,1990-12-12,HR
346,FirstName346,LastName346,30346,Bangalore,1990-12-13,Finance
347,FirstName347,LastName347,30347,Hyderabad,1990-12-14,Sales
348,FirstName348,LastName348,30348,Chennai,1990-12-15,Marketing
349,FirstName349,LastName349,30349,Delhi,1990-12-16,Support
350,FirstName350,LastName350,30350,Noida,1990-12-17,Admin
351,FirstName351,LastName351,30351,Gurgaon,1990-12-18,Operations
352,FirstName352,LastName352,30352,Mumbai,1990-12-19,IT
353,FirstName353,LastName353,30353,Pune,1990-12-20,HR
354,FirstName354,LastName354,30354,Bangalore,1990-12-21,Finance
355,FirstName355,LastName355,30355,Hyderabad,1990-12-22,Sales
356,FirstName356,LastName356,30356,Chennai,1990-12-23,Marketing
357,FirstName357,LastName357,30357,Delhi,1990-12-24,Support
358,FirstName358,LastName358,30358,Noida,1990-12-25,Admin
359,FirstName359,LastName359,30359,Gurgaon,1990-12-26,Operations
360,FirstName360,LastName360,30360,Mumbai,1990-12-27,IT
361,FirstName361,LastName361,30361,Pune,1990-12-28,HR
362,FirstName362,LastName362,30362,Bangalore,1990-12-29,Finance
363,FirstName363,LastName363,30363,Hyderabad,1990-12-30,Sales
364,FirstName364,LastName364,30364,Chennai,1990-12-31,Marketing
365,FirstName365,LastName365,30365,Delhi,1991-01-01,Support
366,FirstName366,LastName366,30366,Noida,1991-01-02,Admin
367,FirstName367,LastName367,30367,Gurgaon,1991-01-03,Operations
368,FirstName368,LastName368,30368,Mumbai,1991-01-04,IT
369,FirstName369,LastName369,30369,Pune,1991-01-05,HR
370,FirstName370,LastName370,30370,Bangalore,1991-01-06,Finance
371,FirstName371,LastName371,30371,Hyderabad,1991-01-07,Sales
372,FirstName372,LastName372,30372,Chennai,1991-01-08,Marketing
373,FirstName373,LastName373,30373,Delhi,1991-01-09,Support
374,FirstName374,LastName374,30374,Noida,1991-01-10,Admin
375,FirstName375,LastName375,30375,Gurgaon,1991-01-11,Operations
376,FirstName376,LastName376,30376,Mumbai,1991-01-12,IT
377,FirstName377,LastName377,30377,Pune,1991-01-13,HR
378,FirstName378,LastName378,30378,Bangalore,1991-01-14,Finance
379,FirstName379,LastName379,30379,Hyderabad,1991-01-15,Sales
380,FirstName380,LastName380,30380,Chennai,1991-01-16,Marketing
381,FirstName381,LastName381,30381,Delhi,1991-01-17,Support
382,FirstName382,LastName382,30382,Noida,1991-01-18,Admin
383,FirstName383,LastName383,30383,Gurgaon,1991-01-19,Operations
384,FirstName384,LastName384,30384,Mumbai,1991-01-20,IT
385,FirstName385,LastName385,30385,Pune,1991-01-21,HR
386,FirstName386,LastName386,30386,Bangalore,1991-01-22,Finance
387,FirstName387,LastName387,30387,Hyderabad,1991-01-23,Sales
388,FirstName388,LastName388,30388,Chennai,1991-01-24,Marketing
389,FirstName389,LastName389,30389,Delhi,1991-01-25,Support
390,FirstName390,LastName390,30390,Noida,1991-01-26,Admin
391,FirstName391,LastName391,30391,Gurgaon,1991-01-27,Operations
392,FirstName392,LastName392,30392,Mumbai,1991-01-28,IT
393,FirstName393,LastName393,30393,Pune,1991-01-29,HR
394,FirstName394,LastName394,30394,Bangalore,1991-01-30,Finance
395,FirstName395,LastName395,30395,Hyderabad,1991-01-31,Sales
396,FirstName396,LastName396,30396,Chennai,1991-02-01,Marketing
397,FirstName397,LastName397,30397,Delhi,1991-02-02,Support
398,FirstName398,LastName398,30398,Noida,1991-02-03,Admin
399,FirstName399,LastName399,30399,Gurgaon,1991-02-04,Operations
400,FirstName400,LastName400,30400,Mumbai,1991-02-05,IT
401,FirstName401,LastName401,30401,Pune,1991-02-06,HR
402,FirstName402,LastName402,30402,Bangalore,1991-02-07,Finance
403,FirstName403,LastName403,30403,Hyderabad,1991-02-08,Sales
404,FirstName404,LastName404,30404,Chennai,1991-02-09,Marketing
405,FirstName405,LastName405,30405,Delhi,1991-02-10,Support
406,FirstName406,LastName406,30406,Noida,1991-02-11,Admin
407,FirstName407,LastName407,30407,Gurgaon,1991-02-12,Operations
408,FirstName408,LastName408,30408,Mumbai,1991-02-13,IT
409,FirstName409,LastName409,30409,Pune,1991-02-14,HR
410,FirstName410,LastName410,30410,Bangalore,1991-02-15,Finance
411,FirstName411,LastName411,30411,Hyderabad,1991-02-16,Sales
412,FirstName412,LastName412,30412,Chennai,1991-02-17,Marketing
413,FirstName413,LastName413,30413,Delhi,1991-02-18,Support
414,FirstName414,LastName414,30414,Noida,1991-02-19,Admin
415,FirstName415,LastName415,30415,Gurgaon,1991-02-20,Operations
416,FirstName416,LastName416,30416,Mumbai,1991-02-21,IT
417,FirstName417,LastName417,30417,Pune,1991-02-22,HR
418,FirstName418,LastName418,30418,Bangalore,1991-02-23,Finance
419,FirstName419,LastName419,30419,Hyderabad,1991-02-24,Sales
420,FirstName420,LastName420,30420,Chennai,1991-02-25,Marketing
421,FirstName421,LastName421,30421,Delhi,1991-02-26,Support
422,FirstName422,LastName422,30422,Noida,1991-02-27,Admin
423,FirstName423,LastName423,30423,Gurgaon,1991-02-28,Operations
424,FirstName424,LastName424,30424,Mumbai,1991-03-01,IT
425,FirstName425,LastName425,30425,Pune,1991-03-02,HR
426,FirstName426,LastName426,30426,Bangalore,1991-03-03,Finance
427,FirstName427,LastName427,30427,Hyderabad,1991-03-04,Sales
428,FirstName428,LastName428,30428,Chennai,1991-03-05,Marketing
429,FirstName429,LastName429,30429,Delhi,1991-03-06,Support
430,FirstName430,LastName430,30430,Noida,1991-03-07,Admin
431,FirstName431,LastName431,30431,Gurgaon,1991-03-08,Operations
432,FirstName432,LastName432,30432,Mumbai,1991-03-09,IT
433,FirstName433,LastName433,30433,Pune,1991-03-10,HR
434,FirstName434,LastName434,30434,Bangalore,1991-03-11,Finance
435,FirstName435,LastName435,30435,Hyderabad,1991-03-12,Sales
436,FirstName436,LastName436,30436,Chennai,1991-03-13,Marketing
437,FirstName437,LastName437,30437,Delhi,1991-03-14,Support
438,FirstName438,LastName438,30438,Noida,1991-03-15,Admin
439,FirstName439,LastName439,30439,Gurgaon,1991-03-16,Operations
440,FirstName440,LastName440,30440,Mumbai,1991-03-17,IT
441,FirstName441,LastName441,30441,Pune,1991-03-18,HR
442,FirstName442,LastName442,30442,Bangalore,1991-03-19,Finance
443,FirstName443,LastName443,30443,Hyderabad,1991-03-20,Sales
444,FirstName444,LastName444,30444,Chennai,1991-03-21,Marketing
445,FirstName445,LastName445,30445,Delhi,1991-03-22,Support
446,FirstName446,LastName446,30446,Noida,1991-03-23,Admin
447,FirstName447,LastName447,30447,Gurgaon,1991-03-24,Operations
448,FirstName448,LastName448,30448,Mumbai,1991-03-25,IT
449,FirstName449,LastName449,30449,Pune,1991-03-26,HR
450,FirstName450,LastName450,30450,Bangalore,1991-03-27,Finance
451,FirstName451,LastName451,30451,Hyderabad,1991-03-28,Sales
452,FirstName452,LastName452,30452,Chennai,1991-03-29,Marketing
453,FirstName453,LastName453,30453,Delhi,1991-03-30,Support
454,FirstName454,LastName454,30454,Noida,1991-03-31,Admin
455,FirstName455,LastName455,30455,Gurgaon,1991-04-01,Operations
456,FirstName456,LastName456,30456,Mumbai,1991-04-02,IT
457,FirstName457,LastName457,30457,Pune,1991-04-03,HR
458,FirstName458,LastName458,30458,Bangalore,1991-04-04,Finance
459,FirstName459,LastName459,30459,Hyderabad,1991-04-05,Sales
460,FirstName460,LastName460,30460,Chennai,1991-04-06,Marketing
461,FirstName461,LastName461,30461,Delhi,1991-04-07,Support
462,FirstName462,LastName462,30462,Noida,1991-04-08,Admin
463,FirstName463,LastName463,30463,Gurgaon,1991-04-09,Operations
464,FirstName464,LastName464,30464,Mumbai,1991-04-10,IT
465,FirstName465,LastName465,30465,Pune,1991-04-11,HR
466,FirstName466,LastName466,30466,Bangalore,1991-04-12,Finance
467,FirstName467,LastName467,30467,Hyderabad,1991-04-13,Sales
468,FirstName468,LastName468,30468,Chennai,1991-04-14,Marketing
469,FirstName469,LastName469,30469,Delhi,1991-04-15,Support
470,FirstName470,LastName470,30470,Noida,1991-04-16,Admin
471,FirstName471,LastName471,30471,Gurgaon,1991-04-17,Operations
472,FirstName472,LastName472,30472,Mumbai,1991-04-18,IT
473,FirstName473,LastName473,30473,Pune,1991-04-19,HR
474,FirstName474,LastName474,30474,Bangalore,1991-04-20,Finance
475,FirstName475,LastName475,30475,Hyderabad,1991-04-21,Sales
476,FirstName476,LastName476,30476,Chennai,1991-04-22,Marketing
477,FirstName477,LastName477,30477,Delhi,1991-04-23,Support
478,FirstName478,LastName478,30478,Noida,1991-04-24,Admin
479,FirstName479,LastName479,30479,Gurgaon,1991-04-25,Operations
480,FirstName480,LastName480,30480,Mumbai,1991-04-26,IT
481,FirstName481,LastName481,30481,Pune,1991-04-27,HR
482,FirstName482,LastName482,30482,Bangalore,1991-04-28,Finance
483,FirstName483,LastName483,30483,Hyderabad,1991-04-29,Sales
484,FirstName484,LastName484,30484,Chennai,1991-04-30,Marketing
485,FirstName485,LastName485,30485,Delhi,1991-05-01,Support
486,FirstName486,LastName486,30486,Noida,1991-05-02,Admin
487,FirstName487,LastName487,30487,Gurgaon,1991-05-03,Operations
488,FirstName488,LastName488,30488,Mumbai,1991-05-04,IT
489,FirstName489,LastName489,30489,Pune,1991-05-05,HR
490,FirstName490,LastName490,30490,Bangalore,1991-05-06,Finance
491,FirstName491,LastName491,30491,Hyderabad,1991-05-07,Sales
492,FirstName492,LastName492,30492,Chennai,1991-05-08,Marketing
493,FirstName493,LastName493,30493,Delhi,1991-05-09,Support
494,FirstName494,LastName494,30494,Noida,1991-05-10,Admin
495,FirstName495,LastName495,30495,Gurgaon,1991-05-11,Operations
496,FirstName496,LastName496,30496,Mumbai,1991-05-12,IT
497,FirstName497,LastName497,30497,Pune,1991-05-13,HR
498,FirstName498,LastName498,30498,Bangalore,1991-05-14,Finance
499,FirstName499,LastName499,30499,Hyderabad,1991-05-15,Sales
500,FirstName500,LastName500,30500,Chennai,1991-05-16,Marketing
501,FirstName501,LastName501,30501,Delhi,1991-05-17,Support
502,FirstName502,LastName502,30502,Noida,1991-05-18,Admin
503,FirstName503,LastName503,30503,Gurgaon,1991-05-19,Operations
504,FirstName504,LastName504,30504,Mumbai,1991-05-20,IT
505,FirstName505,LastName505,30505,Pune,1991-05-21,HR
506,FirstName506,LastName506,30506,Bangalore,1991-05-22,Finance
507,FirstName507,LastName507,30507,Hyderabad,1991-05-23,Sales
508,FirstName508,LastName508,30508,Chennai,1991-05-24,Marketing
509,FirstName509,LastName509,30509,Delhi,1991-05-25,Support
510,FirstName510,LastName510,30510,Noida,1991-05-26,Admin
511,FirstName511,LastName511,30511,Gurgaon,1991-05-27,Operations
512,FirstName512,LastName512,30512,Mumbai,1991-05-28,IT
513,FirstName513,LastName513,30513,Pune,1991-05-29,HR
514,FirstName514,LastName514,30514,Bangalore,1991-05-30,Finance
515,FirstName515,LastName515,30515,Hyderabad,1991-05-31,Sales
516,FirstName516,LastName516,30516,Chennai,1991-06-01,Marketing
517,FirstName517,LastName517,30517,Delhi,1991-06-02,Support
518,FirstName518,LastName518,30518,Noida,1991-06-03,Admin
519,FirstName519,LastName519,30519,Gurgaon,1991-06-04,Operations
520,FirstName520,LastName520,30520,Mumbai,1991-06-05,IT
521,FirstName521,LastName521,30521,Pune,1991-06-06,HR
522,FirstName522,LastName522,30522,Bangalore,1991-06-07,Finance
523,FirstName523,LastName523,30523,Hyderabad,1991-06-08,Sales
524,FirstName524,LastName524,30524,Chennai,1991-06-09,Marketing
525,FirstName525,LastName525,30525,Delhi,1991-06-10,Support
526,FirstName526,LastName526,30526,Noida,1991-06-11,Admin
527,FirstName527,LastName527,30527,Gurgaon,1991-06-12,Operations
528,FirstName528,LastName528,30528,Mumbai,1991-06-13,IT
529,FirstName529,LastName529,30529,Pune,1991-06-14,HR
530,FirstName530,LastName530,30530,Bangalore,1991-06-15,Finance
531,FirstName531,LastName531,30531,Hyderabad,1991-06-16,Sales
532,FirstName532,LastName532,30532,Chennai,1991-06-17,Marketing
533,FirstName533,LastName533,30533,Delhi,1991-06-18,Support
534,FirstName534,LastName534,30534,Noida,1991-06-19,Admin
535,FirstName535,LastName535,30535,Gurgaon,1991-06-20,Operations
536,FirstName536,LastName536,30536,Mumbai,1991-06-21,IT
537,FirstName537,LastName537,30537,Pune,1991-06-22,HR
538,FirstName538,LastName538,30538,Bangalore,1991-06-23,Finance
539,FirstName539,LastName539,30539,Hyderabad,1991-06-24,Sales
540,FirstName540,LastName540,30540,Chennai,1991-06-25,Marketing
541,FirstName541,LastName541,30541,Delhi,1991-06-26,Support
542,FirstName542,LastName542,30542,Noida,1991-06-27,Admin
543,FirstName543,LastName543,30543,Gurgaon,1991-06-28,Operations
544,FirstName544,LastName544,30544,Mumbai,1991-06-29,IT
545,FirstName545,LastName545,30545,Pune,1991-06-30,HR
546,FirstName546,LastName546,30546,Bangalore,1991-07-01,Finance
547,FirstName547,LastName547,30547,Hyderabad,1991-07-02,Sales
548,FirstName548,LastName548,30548,Chennai,1991-07-03,Marketing
549,FirstName549,LastName549,30549,Delhi,1991-07-04,Support
550,FirstName550,LastName550,30550,Noida,1991-07-05,Admin
551,FirstName551,LastName551,30551,Gurgaon,1991-07-06,Operations
552,FirstName552,LastName552,30552,Mumbai,1991-07-07,IT
553,FirstName553,LastName553,30553,Pune,1991-07-08,HR
554,FirstName554,LastName554,30554,Bangalore,1991-07-09,Finance
555,FirstName555,LastName555,30555,Hyderabad,1991-07-10,Sales
556,FirstName556,LastName556,30556,Chennai,1991-07-11,Marketing
557,FirstName557,LastName557,30557,Delhi,1991-07-12,Support
558,FirstName558,LastName558,30558,Noida,1991-07-13,Admin
559,FirstName559,LastName559,30559,Gurgaon,1991-07-14,Operations
560,FirstName560,LastName560,30560,Mumbai,1991-07-15,IT
561,FirstName561,LastName561,30561,Pune,1991-07-16,HR
562,FirstName562,LastName562,30562,Bangalore,1991-07-17,Finance
563,FirstName563,LastName563,30563,Hyderabad,1991-07-18,Sales
564,FirstName564,LastName564,30564,Chennai,1991-07-19,Marketing
565,FirstName565,LastName565,30565,Delhi,1991-07-20,Support
566,FirstName566,LastName566,30566,Noida,1991-07-21,Admin
567,FirstName567,LastName567,30567,Gurgaon,1991-07-22,Operations
568,FirstName568,LastName568,30568,Mumbai,1991-07-23,IT
569,FirstName569,LastName569,30569,Pune,1991-07-24,HR
570,FirstName570,LastName570,30570,Bangalore,1991-07-25,Finance
571,FirstName571,LastName571,30571,Hyderabad,1991-07-26,Sales
572,FirstName572,LastName572,30572,Chennai,1991-07-27,Marketing
573,FirstName573,LastName573,30573,Delhi,1991-07-28,Support
574,FirstName574,LastName574,30574,Noida,1991-07-29,Admin
575,FirstName575,LastName575,30575,Gurgaon,1991-07-30,Operations
576,FirstName576,LastName576,30576,Mumbai,1991-07-31,IT
577,FirstName577,LastName577,30577,Pune,1991-08-01,HR
578,FirstName578,LastName578,30578,Bangalore,1991-08-02,Finance
579,FirstName579,LastName579,30579,Hyderabad,1991-08-03,Sales
580,FirstName580,LastName580,30580,Chennai,1991-08-04,Marketing
581,FirstName581,LastName581,30581,Delhi,1991-08-05,Support
582,FirstName582,LastName582,30582,Noida,1991-08-06,Admin
583,FirstName583,LastName583,30583,Gurgaon,1991-08-07,Operations
584,FirstName584,LastName584,30584,Mumbai,1991-08-08,IT
585,FirstName585,LastName585,30585,Pune,1991-08-09,HR
586,FirstName586,LastName586,30586,Bangalore,1991-08-10,Finance
587,FirstName587,LastName587,30587,Hyderabad,1991-08-11,Sales
588,FirstName588,LastName588,30588,Chennai,1991-08-12,Marketing
589,FirstName589,LastName589,30589,Delhi,1991-08-13,Support
590,FirstName590,LastName590,30590,Noida,1991-08-14,Admin
591,FirstName591,LastName591,30591,Gurgaon,1991-08-15,Operations
592,FirstName592,LastName592,30592,Mumbai,1991-08-16,IT
593,FirstName593,LastName593,30593,Pune,1991-08-17,HR
594,FirstName594,LastName594,30594,Bangalore,1991-08-18,Finance
595,FirstName595,LastName595,30595,Hyderabad,1991-08-19,Sales
596,FirstName596,LastName596,30596,Chennai,1991-08-20,Marketing
597,FirstName597,LastName597,30597,Delhi,1991-08-21,Support
598,FirstName598,LastName598,30598,Noida,1991-08-22,Admin
599,FirstName599,LastName599,30599,Gurgaon,1991-08-23,Operations
600,FirstName600,LastName600,30600,Mumbai,1991-08-24,IT
601,FirstName601,LastName601,30601,Pune,1991-08-25,HR
602,FirstName602,LastName602,30602,Bangalore,1991-08-26,Finance
603,FirstName603,LastName603,30603,Hyderabad,1991-08-27,Sales
604,FirstName604,LastName604,30604,Chennai,1991-08-28,Marketing
605,FirstName605,LastName605,30605,Delhi,1991-08-29,Support
606,FirstName606,LastName606,30606,Noida,1991-08-30,Admin
607,FirstName607,LastName607,30607,Gurgaon,1991-08-31,Operations
608,FirstName608,LastName608,30608,Mumbai,1991-09-01,IT
609,FirstName609,LastName609,30609,Pune,1991-09-02,HR
610,FirstName610,LastName610,30610,Bangalore,1991-09-03,Finance
611,FirstName611,LastName611,30611,Hyderabad,1991-09-04,Sales
612,FirstName612,LastName612,30612,Chennai,1991-09-05,Marketing
613,FirstName613,LastName613,30613,Delhi,1991-09-06,Support
614,FirstName614,LastName614,30614,Noida,1991-09-07,Admin
615,FirstName615,LastName615,30615,Gurgaon,1991-09-08,Operations
616,FirstName616,LastName616,30616,Mumbai,1991-09-09,IT
617,FirstName617,LastName617,30617,Pune,1991-09-10,HR
618,FirstName618,LastName618,30618,Bangalore,1991-09-11,Finance
619,FirstName619,LastName619,30619,Hyderabad,1991-09-12,Sales
620,FirstName620,LastName620,30620,Chennai,1991-09-13,Marketing
621,FirstName621,LastName621,30621,Delhi,1991-09-14,Support
622,FirstName622,LastName622,30622,Noida,1991-09-15,Admin
623,FirstName623,LastName623,30623,Gurgaon,1991-09-16,Operations
624,FirstName624,LastName624,30624,Mumbai,1991-09-17,IT
625,FirstName625,LastName625,30625,Pune,1991-09-18,HR
626,FirstName626,LastName626,30626,Bangalore,1991-09-19,Finance
627,FirstName627,LastName627,30627,Hyderabad,1991-09-20,Sales
628,FirstName628,LastName628,30628,Chennai,1991-09-21,Marketing
629,FirstName629,LastName629,30629,Delhi,1991-09-22,Support
630,FirstName630,LastName630,30630,Noida,1991-09-23,Admin
631,FirstName631,LastName631,30631,Gurgaon,1991-09-24,Operations
632,FirstName632,LastName632,30632,Mumbai,1991-09-25,IT
633,FirstName633,LastName633,30633,Pune,1991-09-26,HR
634,FirstName634,LastName634,30634,Bangalore,1991-09-27,Finance
635,FirstName635,LastName635,30635,Hyderabad,1991-09-28,Sales
636,FirstName636,LastName636,30636,Chennai,1991-09-29,Marketing
637,FirstName637,LastName637,30637,Delhi,1991-09-30,Support
638,FirstName638,LastName638,30638,Noida,1991-10-01,Admin
639,FirstName639,LastName639,30639,Gurgaon,1991-10-02,Operations
640,FirstName640,LastName640,30640,Mumbai,1991-10-03,IT
641,FirstName641,LastName641,30641,Pune,1991-10-04,HR
642,FirstName642,LastName642,30642,Bangalore,1991-10-05,Finance
643,FirstName643,LastName643,30643,Hyderabad,1991-10-06,Sales
644,FirstName644,LastName644,30644,Chennai,1991-10-07,Marketing
645,FirstName645,LastName645,30645,Delhi,1991-10-08,Support
646,FirstName646,LastName646,30646,Noida,1991-10-09,Admin
647,FirstName647,LastName647,30647,Gurgaon,1991-10-10,Operations
648,FirstName648,LastName648,30648,Mumbai,1991-10-11,IT
649,FirstName649,LastName649,30649,Pune,1991-10-12,HR
650,FirstName650,LastName650,30650,Bangalore,1991-10-13,Finance
651,FirstName651,LastName651,30651,Hyderabad,1991-10-14,Sales
652,FirstName652,LastName652,30652,Chennai,1991-10-15,Marketing
653,FirstName653,LastName653,30653,Delhi,1991-10-16,Support
654,FirstName654,LastName654,30654,Noida,1991-10-17,Admin
655,FirstName655,LastName655,30655,Gurgaon,1991-10-18,Operations
656,FirstName656,LastName656,30656,Mumbai,1991-10-19,IT
657,FirstName657,LastName657,30657,Pune,1991-10-20,HR
658,FirstName658,LastName658,30658,Bangalore,1991-10-21,Finance
659,FirstName659,LastName659,30659,Hyderabad,1991-10-22,Sales
660,FirstName660,LastName660,30660,Chennai,1991-10-23,Marketing
661,FirstName661,LastName661,30661,Delhi,1991-10-24,Support
662,FirstName662,LastName662,30662,Noida,1991-10-25,Admin
663,FirstName663,LastName663,30663,Gurgaon,1991-10-26,Operations
664,FirstName664,LastName664,30664,Mumbai,1991-10-27,IT
665,FirstName665,LastName665,30665,Pune,1991-10-28,HR
666,FirstName666,LastName666,30666,Bangalore,1991-10-29,Finance
667,FirstName667,LastName667,30667,Hyderabad,1991-10-30,Sales
668,FirstName668,LastName668,30668,Chennai,1991-10-31,Marketing
669,FirstName669,LastName669,30669,Delhi,1991-11-01,Support
670,FirstName670,LastName670,30670,Noida,1991-11-02,Admin
671,FirstName671,LastName671,30671,Gurgaon,1991-11-03,Operations
672,FirstName672,LastName672,30672,Mumbai,1991-11-04,IT
673,FirstName673,LastName673,30673,Pune,1991-11-05,HR
674,FirstName674,LastName674,30674,Bangalore,1991-11-06,Finance
675,FirstName675,LastName675,30675,Hyderabad,1991-11-07,Sales
676,FirstName676,LastName676,30676,Chennai,1991-11-08,Marketing
677,FirstName677,LastName677,30677,Delhi,1991-11-09,Support
678,FirstName678,LastName678,30678,Noida,1991-11-10,Admin
679,FirstName679,LastName679,30679,Gurgaon,1991-11-11,Operations
680,FirstName680,LastName680,30680,Mumbai,1991-11-12,IT
681,FirstName681,LastName681,30681,Pune,1991-11-13,HR
682,FirstName682,LastName682,30682,Bangalore,1991-11-14,Finance
683,FirstName683,LastName683,30683,Hyderabad,1991-11-15,Sales
684,FirstName684,LastName684,30684,Chennai,1991-11-16,Marketing
685,FirstName685,LastName685,30685,Delhi,1991-11-17,Support
686,FirstName686,LastName686,30686,Noida,1991-11-18,Admin
687,FirstName687,LastName687,30687,Gurgaon,1991-11-19,Operations
688,FirstName688,LastName688,30688,Mumbai,1991-11-20,IT
689,FirstName689,LastName689,30689,Pune,1991-11-21,HR
690,FirstName690,LastName690,30690,Bangalore,1991-11-22,Finance
691,FirstName691,LastName691,30691,Hyderabad,1991-11-23,Sales
692,FirstName692,LastName692,30692,Chennai,1991-11-24,Marketing
693,FirstName693,LastName693,30693,Delhi,1991-11-25,Support
694,FirstName694,LastName694,30694,Noida,1991-11-26,Admin
695,FirstName695,LastName695,30695,Gurgaon,1991-11-27,Operations
696,FirstName696,LastName696,30696,Mumbai,1991-11-28,IT
697,FirstName697,LastName697,30697,Pune,1991-11-29,HR
698,FirstName698,LastName698,30698,Bangalore,1991-11-30,Finance
699,FirstName699,LastName699,30699,Hyderabad,1991-12-01,Sales
700,FirstName700,LastName700,30700,Chennai,1991-12-02,Marketing
701,FirstName701,LastName701,30701,Delhi,1991-12-03,Support
702,FirstName702,LastName702,30702,Noida,1991-12-04,Admin
703,FirstName703,LastName703,30703,Gurgaon,1991-12-05,Operations
704,FirstName704,LastName704,30704,Mumbai,1991-12-06,IT
705,FirstName705,LastName705,30705,Pune,1991-12-07,HR
706,FirstName706,LastName706,30706,Bangalore,1991-12-08,Finance
707,FirstName707,LastName707,30707,Hyderabad,1991-12-09,Sales
708,FirstName708,LastName708,30708,Chennai,1991-12-10,Marketing
709,FirstName709,LastName709,30709,Delhi,1991-12-11,Support
710,FirstName710,LastName710,30710,Noida,1991-12-12,Admin
711,FirstName711,LastName711,30711,Gurgaon,1991-12-13,Operations
712,FirstName712,LastName712,30712,Mumbai,1991-12-14,IT
713,FirstName713,LastName713,30713,Pune,1991-12-15,HR
714,FirstName714,LastName714,30714,Bangalore,1991-12-16,Finance
715,FirstName715,LastName715,30715,Hyderabad,1991-12-17,Sales
716,FirstName716,LastName716,30716,Chennai,1991-12-18,Marketing
717,FirstName717,LastName717,30717,Delhi,1991-12-19,Support
718,FirstName718,LastName718,30718,Noida,1991-12-20,Admin
719,FirstName719,LastName719,30719,Gurgaon,1991-12-21,Operations
720,FirstName720,LastName720,30720,Mumbai,1991-12-22,IT
721,FirstName721,LastName721,30721,Pune,1991-12-23,HR
722,FirstName722,LastName722,30722,Bangalore,1991-12-24,Finance
723,FirstName723,LastName723,30723,Hyderabad,1991-12-25,Sales
724,FirstName724,LastName724,30724,Chennai,1991-12-26,Marketing
725,FirstName725,LastName725,30725,Delhi,1991-12-27,Support
726,FirstName726,LastName726,30726,Noida,1991-12-28,Admin
727,FirstName727,LastName727,30727,Gurgaon,1991-12-29,Operations
728,FirstName728,LastName728,30728,Mumbai,1991-12-30,IT
729,FirstName729,LastName729,30729,Pune,1991-12-31,HR
730,FirstName730,LastName730,30730,Bangalore,1992-01-01,Finance
731,FirstName731,LastName731,30731,Hyderabad,1992-01-02,Sales
732,FirstName732,LastName732,30732,Chennai,1992-01-03,Marketing
733,FirstName733,LastName733,30733,Delhi,1992-01-04,Support
734,FirstName734,LastName734,30734,Noida,1992-01-05,Admin
735,FirstName735,LastName735,30735,Gurgaon,1992-01-06,Operations
736,FirstName736,LastName736,30736,Mumbai,1992-01-07,IT
737,FirstName737,LastName737,30737,Pune,1992-01-08,HR
738,FirstName738,LastName738,30738,Bangalore,1992-01-09,Finance
739,FirstName739,LastName739,30739,Hyderabad,1992-01-10,Sales
740,FirstName740,LastName740,30740,Chennai,1992-01-11,Marketing
741,FirstName741,LastName741,30741,Delhi,1992-01-12,Support
742,FirstName742,LastName742,30742,Noida,1992-01-13,Admin
743,FirstName743,LastName743,30743,Gurgaon,1992-01-14,Operations
744,FirstName744,LastName744,30744,Mumbai,1992-01-15,IT
745,FirstName745,LastName745,30745,Pune,1992-01-16,HR
746,FirstName746,LastName746,30746,Bangalore,1992-01-17,Finance
747,FirstName747,LastName747,30747,Hyderabad,1992-01-18,Sales
748,FirstName748,LastName748,30748,Chennai,1992-01-19,Marketing
749,FirstName749,LastName749,30749,Delhi,1992-01-20,Support
750,FirstName750,LastName750,30750,Noida,1992-01-21,Admin
751,FirstName751,LastName751,30751,Gurgaon,1992-01-22,Operations
752,FirstName752,LastName752,30752,Mumbai,1992-01-23,IT
753,FirstName753,LastName753,30753,Pune,1992-01-24,HR
754,FirstName754,LastName754,30754,Bangalore,1992-01-25,Finance
755,FirstName755,LastName755,30755,Hyderabad,1992-01-26,Sales
756,FirstName756,LastName756,30756,Chennai,1992-01-27,Marketing
757,FirstName757,LastName757,30757,Delhi,1992-01-28,Support
758,FirstName758,LastName758,30758,Noida,1992-01-29,Admin
759,FirstName759,LastName759,30759,Gurgaon,1992-01-30,Operations
760,FirstName760,LastName760,30760,Mumbai,1992-01-31,IT
761,FirstName761,LastName761,30761,Pune,1992-02-01,HR
762,FirstName762,LastName762,30762,Bangalore,1992-02-02,Finance
763,FirstName763,LastName763,30763,Hyderabad,1992-02-03,Sales
764,FirstName764,LastName764,30764,Chennai,1992-02-04,Marketing
765,FirstName765,LastName765,30765,Delhi,1992-02-05,Support
766,FirstName766,LastName766,30766,Noida,1992-02-06,Admin
767,FirstName767,LastName767,30767,Gurgaon,1992-02-07,Operations
768,FirstName768,LastName768,30768,Mumbai,1992-02-08,IT
769,FirstName769,LastName769,30769,Pune,1992-02-09,HR
770,FirstName770,LastName770,30770,Bangalore,1992-02-10,Finance
771,FirstName771,LastName771,30771,Hyderabad,1992-02-11,Sales
772,FirstName772,LastName772,30772,Chennai,1992-02-12,Marketing
773,FirstName773,LastName773,30773,Delhi,1992-02-13,Support
774,FirstName774,LastName774,30774,Noida,1992-02-14,Admin
775,FirstName775,LastName775,30775,Gurgaon,1992-02-15,Operations
776,FirstName776,LastName776,30776,Mumbai,1992-02-16,IT
777,FirstName777,LastName777,30777,Pune,1992-02-17,HR
778,FirstName778,LastName778,30778,Bangalore,1992-02-18,Finance
779,FirstName779,LastName779,30779,Hyderabad,1992-02-19,Sales
780,FirstName780,LastName780,30780,Chennai,1992-02-20,Marketing
781,FirstName781,LastName781,30781,Delhi,1992-02-21,Support
782,FirstName782,LastName782,30782,Noida,1992-02-22,Admin
783,FirstName783,LastName783,30783,Gurgaon,1992-02-23,Operations
784,FirstName784,LastName784,30784,Mumbai,1992-02-24,IT
785,FirstName785,LastName785,30785,Pune,1992-02-25,HR
786,FirstName786,LastName786,30786,Bangalore,1992-02-26,Finance
787,FirstName787,LastName787,30787,Hyderabad,1992-02-27,Sales
788,FirstName788,LastName788,30788,Chennai,1992-02-28,Marketing
789,FirstName789,LastName789,30789,Delhi,1992-02-29,Support
790,FirstName790,LastName790,30790,Noida,1992-03-01,Admin
791,FirstName791,LastName791,30791,Gurgaon,1992-03-02,Operations
792,FirstName792,LastName792,30792,Mumbai,1992-03-03,IT
793,FirstName793,LastName793,30793,Pune,1992-03-04,HR
794,FirstName794,LastName794,30794,Bangalore,1992-03-05,Finance
795,FirstName795,LastName795,30795,Hyderabad,1992-03-06,Sales
796,FirstName796,LastName796,30796,Chennai,1992-03-07,Marketing
797,FirstName797,LastName797,30797,Delhi,1992-03-08,Support
798,FirstName798,LastName798,30798,Noida,1992-03-09,Admin
799,FirstName799,LastName799,30799,Gurgaon,1992-03-10,Operations
800,FirstName800,LastName800,30800,Mumbai,1992-03-11,IT
801,FirstName801,LastName801,30801,Pune,1992-03-12,HR
802,FirstName802,LastName802,30802,Bangalore,1992-03-13,Finance
803,FirstName803,LastName803,30803,Hyderabad,1992-03-14,Sales
804,FirstName804,LastName804,30804,Chennai,1992-03-15,Marketing
805,FirstName805,LastName805,30805,Delhi,1992-03-16,Support
806,FirstName806,LastName806,30806,Noida,1992-03-17,Admin
807,FirstName807,LastName807,30807,Gurgaon,1992-03-18,Operations
808,FirstName808,LastName808,30808,Mumbai,1992-03-19,IT
809,FirstName809,LastName809,30809,Pune,1992-03-20,HR
810,FirstName810,LastName810,30810,Bangalore,1992-03-21,Finance
811,FirstName811,LastName811,30811,Hyderabad,1992-03-22,Sales
812,FirstName812,LastName812,30812,Chennai,1992-03-23,Marketing
813,FirstName813,LastName813,30813,Delhi,1992-03-24,Support
814,FirstName814,LastName814,30814,Noida,1992-03-25,Admin
815,FirstName815,LastName815,30815,Gurgaon,1992-03-26,Operations
816,FirstName816,LastName816,30816,Mumbai,1992-03-27,IT
817,FirstName817,LastName817,30817,Pune,1992-03-28,HR
818,FirstName818,LastName818,30818,Bangalore,1992-03-29,Finance
819,FirstName819,LastName819,30819,Hyderabad,1992-03-30,Sales
820,FirstName820,LastName820,30820,Chennai,1992-03-31,Marketing
821,FirstName821,LastName821,30821,Delhi,1992-04-01,Support
822,FirstName822,LastName822,30822,Noida,1992-04-02,Admin
823,FirstName823,LastName823,30823,Gurgaon,1992-04-03,Operations
824,FirstName824,LastName824,30824,Mumbai,1992-04-04,IT
825,FirstName825,LastName825,30825,Pune,1992-04-05,HR
826,FirstName826,LastName826,30826,Bangalore,1992-04-06,Finance
827,FirstName827,LastName827,30827,Hyderabad,1992-04-07,Sales
828,FirstName828,LastName828,30828,Chennai,1992-04-08,Marketing
829,FirstName829,LastName829,30829,Delhi,1992-04-09,Support
830,FirstName830,LastName830,30830,Noida,1992-04-10,Admin
831,FirstName831,LastName831,30831,Gurgaon,1992-04-11,Operations
832,FirstName832,LastName832,30832,Mumbai,1992-04-12,IT
833,FirstName833,LastName833,30833,Pune,1992-04-13,HR
834,FirstName834,LastName834,30834,Bangalore,1992-04-14,Finance
835,FirstName835,LastName835,30835,Hyderabad,1992-04-15,Sales
836,FirstName836,LastName836,30836,Chennai,1992-04-16,Marketing
837,FirstName837,LastName837,30837,Delhi,1992-04-17,Support
838,FirstName838,LastName838,30838,Noida,1992-04-18,Admin
839,FirstName839,LastName839,30839,Gurgaon,1992-04-19,Operations
840,FirstName840,LastName840,30840,Mumbai,1992-04-20,IT
841,FirstName841,LastName841,30841,Pune,1992-04-21,HR
842,FirstName842,LastName842,30842,Bangalore,1992-04-22,Finance
843,FirstName843,LastName843,30843,Hyderabad,1992-04-23,Sales
844,FirstName844,LastName844,30844,Chennai,1992-04-24,Marketing
845,FirstName845,LastName845,30845,Delhi,1992-04-25,Support
846,FirstName846,LastName846,30846,Noida,1992-04-26,Admin
847,FirstName847,LastName847,30847,Gurgaon,1992-04-27,Operations
848,FirstName848,LastName848,30848,Mumbai,1992-04-28,IT
849,FirstName849,LastName849,30849,Pune,1992-04-29,HR
850,FirstName850,LastName850,30850,Bangalore,1992-04-30,Finance
851,FirstName851,LastName851,30851,Hyderabad,1992-05-01,Sales
852,FirstName852,LastName852,30852,Chennai,1992-05-02,Marketing
853,FirstName853,LastName853,30853,Delhi,1992-05-03,Support
854,FirstName854,LastName854,30854,Noida,1992-05-04,Admin
855,FirstName855,LastName855,30855,Gurgaon,1992-05-05,Operations
856,FirstName856,LastName856,30856,Mumbai,1992-05-06,IT
857,FirstName857,LastName857,30857,Pune,1992-05-07,HR
858,FirstName858,LastName858,30858,Bangalore,1992-05-08,Finance
859,FirstName859,LastName859,30859,Hyderabad,1992-05-09,Sales
860,FirstName860,LastName860,30860,Chennai,1992-05-10,Marketing
861,FirstName861,LastName861,30861,Delhi,1992-05-11,Support
862,FirstName862,LastName862,30862,Noida,1992-05-12,Admin
863,FirstName863,LastName863,30863,Gurgaon,1992-05-13,Operations
864,FirstName864,LastName864,30864,Mumbai,1992-05-14,IT
865,FirstName865,LastName865,30865,Pune,1992-05-15,HR
866,FirstName866,LastName866,30866,Bangalore,1992-05-16,Finance
867,FirstName867,LastName867,30867,Hyderabad,1992-05-17,Sales
868,FirstName868,LastName868,30868,Chennai,1992-05-18,Marketing
869,FirstName869,LastName869,30869,Delhi,1992-05-19,Support
870,FirstName870,LastName870,30870,Noida,1992-05-20,Admin
871,FirstName871,LastName871,30871,Gurgaon,1992-05-21,Operations
872,FirstName872,LastName872,30872,Mumbai,1992-05-22,IT
873,FirstName873,LastName873,30873,Pune,1992-05-23,HR
874,FirstName874,LastName874,30874,Bangalore,1992-05-24,Finance
875,FirstName875,LastName875,30875,Hyderabad,1992-05-25,Sales
876,FirstName876,LastName876,30876,Chennai,1992-05-26,Marketing
877,FirstName877,LastName877,30877,Delhi,1992-05-27,Support
878,FirstName878,LastName878,30878,Noida,1992-05-28,Admin
879,FirstName879,LastName879,30879,Gurgaon,1992-05-29,Operations
880,FirstName880,LastName880,30880,Mumbai,1992-05-30,IT
881,FirstName881,LastName881,30881,Pune,1992-05-31,HR
882,FirstName882,LastName882,30882,Bangalore,1992-06-01,Finance
883,FirstName883,LastName883,30883,Hyderabad,1992-06-02,Sales
884,FirstName884,LastName884,30884,Chennai,1992-06-03,Marketing
885,FirstName885,LastName885,30885,Delhi,1992-06-04,Support
886,FirstName886,LastName886,30886,Noida,1992-06-05,Admin
887,FirstName887,LastName887,30887,Gurgaon,1992-06-06,Operations
888,FirstName888,LastName888,30888,Mumbai,1992-06-07,IT
889,FirstName889,LastName889,30889,Pune,1992-06-08,HR
890,FirstName890,LastName890,30890,Bangalore,1992-06-09,Finance
891,FirstName891,LastName891,30891,Hyderabad,1992-06-10,Sales
892,FirstName892,LastName892,30892,Chennai,1992-06-11,Marketing
893,FirstName893,LastName893,30893,Delhi,1992-06-12,Support
894,FirstName894,LastName894,30894,Noida,1992-06-13,Admin
895,FirstName895,LastName895,30895,Gurgaon,1992-06-14,Operations
896,FirstName896,LastName896,30896,Mumbai,1992-06-15,IT
897,FirstName897,LastName897,30897,Pune,1992-06-16,HR
898,FirstName898,LastName898,30898,Bangalore,1992-06-17,Finance
899,FirstName899,LastName899,30899,Hyderabad,1992-06-18,Sales
900,FirstName900,LastName900,30900,Chennai,1992-06-19,Marketing
901,FirstName901,LastName901,30901,Delhi,1992-06-20,Support
902,FirstName902,LastName902,30902,Noida,1992-06-21,Admin
903,FirstName903,LastName903,30903,Gurgaon,1992-06-22,Operations
904,FirstName904,LastName904,30904,Mumbai,1992-06-23,IT
905,FirstName905,LastName905,30905,Pune,1992-06-24,HR
906,FirstName906,LastName906,30906,Bangalore,1992-06-25,Finance
907,FirstName907,LastName907,30907,Hyderabad,1992-06-26,Sales
908,FirstName908,LastName908,30908,Chennai,1992-06-27,Marketing
909,FirstName909,LastName909,30909,Delhi,1992-06-28,Support
910,FirstName910,LastName910,30910,Noida,1992-06-29,Admin
911,FirstName911,LastName911,30911,Gurgaon,1992-06-30,Operations
912,FirstName912,LastName912,30912,Mumbai,1992-07-01,IT
913,FirstName913,LastName913,30913,Pune,1992-07-02,HR
914,FirstName914,LastName914,30914,Bangalore,1992-07-03,Finance
915,FirstName915,LastName915,30915,Hyderabad,1992-07-04,Sales
916,FirstName916,LastName916,30916,Chennai,1992-07-05,Marketing
917,FirstName917,LastName917,30917,Delhi,1992-07-06,Support
918,FirstName918,LastName918,30918,Noida,1992-07-07,Admin
919,FirstName919,LastName919,30919,Gurgaon,1992-07-08,Operations
920,FirstName920,LastName920,30920,Mumbai,1992-07-09,IT
921,FirstName921,LastName921,30921,Pune,1992-07-10,HR
922,FirstName922,LastName922,30922,Bangalore,1992-07-11,Finance
923,FirstName923,LastName923,30923,Hyderabad,1992-07-12,Sales
924,FirstName924,LastName924,30924,Chennai,1992-07-13,Marketing
925,FirstName925,LastName925,30925,Delhi,1992-07-14,Support
926,FirstName926,LastName926,30926,Noida,1992-07-15,Admin
927,FirstName927,LastName927,30927,Gurgaon,1992-07-16,Operations
928,FirstName928,LastName928,30928,Mumbai,1992-07-17,IT
929,FirstName929,LastName929,30929,Pune,1992-07-18,HR
930,FirstName930,LastName930,30930,Bangalore,1992-07-19,Finance
931,FirstName931,LastName931,30931,Hyderabad,1992-07-20,Sales
932,FirstName932,LastName932,30932,Chennai,1992-07-21,Marketing
933,FirstName933,LastName933,30933,Delhi,1992-07-22,Support
934,FirstName934,LastName934,30934,Noida,1992-07-23,Admin
935,FirstName935,LastName935,30935,Gurgaon,1992-07-24,Operations
936,FirstName936,LastName936,30936,Mumbai,1992-07-25,IT
937,FirstName937,LastName937,30937,Pune,1992-07-26,HR
938,FirstName938,LastName938,30938,Bangalore,1992-07-27,Finance
939,FirstName939,LastName939,30939,Hyderabad,1992-07-28,Sales
940,FirstName940,LastName940,30940,Chennai,1992-07-29,Marketing
941,FirstName941,LastName941,30941,Delhi,1992-07-30,Support
942,FirstName942,LastName942,30942,Noida,1992-07-31,Admin
943,FirstName943,LastName943,30943,Gurgaon,1992-08-01,Operations
944,FirstName944,LastName944,30944,Mumbai,1992-08-02,IT
945,FirstName945,LastName945,30945,Pune,1992-08-03,HR
946,FirstName946,LastName946,30946,Bangalore,1992-08-04,Finance
947,FirstName947,LastName947,30947,Hyderabad,1992-08-05,Sales
948,FirstName948,LastName948,30948,Chennai,1992-08-06,Marketing
949,FirstName949,LastName949,30949,Delhi,1992-08-07,Support
950,FirstName950,LastName950,30950,Noida,1992-08-08,Admin
951,FirstName951,LastName951,30951,Gurgaon,1992-08-09,Operations
952,FirstName952,LastName952,30952,Mumbai,1992-08-10,IT
953,FirstName953,LastName953,30953,Pune,1992-08-11,HR
954,FirstName954,LastName954,30954,Bangalore,1992-08-12,Finance
955,FirstName955,LastName955,30955,Hyderabad,1992-08-13,Sales
956,FirstName956,LastName956,30956,Chennai,1992-08-14,Marketing
957,FirstName957,LastName957,30957,Delhi,1992-08-15,Support
958,FirstName958,LastName958,30958,Noida,1992-08-16,Admin
959,FirstName959,LastName959,30959,Gurgaon,1992-08-17,Operations
960,FirstName960,LastName960,30960,Mumbai,1992-08-18,IT
961,FirstName961,LastName961,30961,Pune,1992-08-19,HR
962,FirstName962,LastName962,30962,Bangalore,1992-08-20,Finance
963,FirstName963,LastName963,30963,Hyderabad,1992-08-21,Sales
964,FirstName964,LastName964,30964,Chennai,1992-08-22,Marketing
965,FirstName965,LastName965,30965,Delhi,1992-08-23,Support
966,FirstName966,LastName966,30966,Noida,1992-08-24,Admin
967,FirstName967,LastName967,30967,Gurgaon,1992-08-25,Operations
968,FirstName968,LastName968,30968,Mumbai,1992-08-26,IT
969,FirstName969,LastName969,30969,Pune,1992-08-27,HR
970,FirstName970,LastName970,30970,Bangalore,1992-08-28,Finance
971,FirstName971,LastName971,30971,Hyderabad,1992-08-29,Sales
972,FirstName972,LastName972,30972,Chennai,1992-08-30,Marketing
973,FirstName973,LastName973,30973,Delhi,1992-08-31,Support
974,FirstName974,LastName974,30974,Noida,1992-09-01,Admin
975,FirstName975,LastName975,30975,Gurgaon,1992-09-02,Operations
976,FirstName976,LastName976,30976,Mumbai,1992-09-03,IT
977,FirstName977,LastName977,30977,Pune,1992-09-04,HR
978,FirstName978,LastName978,30978,Bangalore,1992-09-05,Finance
979,FirstName979,LastName979,30979,Hyderabad,1992-09-06,Sales
980,FirstName980,LastName980,30980,Chennai,1992-09-07,Marketing
981,FirstName981,LastName981,30981,Delhi,1992-09-08,Support
982,FirstName982,LastName982,30982,Noida,1992-09-09,Admin
983,FirstName983,LastName983,30983,Gurgaon,1992-09-10,Operations
984,FirstName984,LastName984,30984,Mumbai,1992-09-11,IT
985,FirstName985,LastName985,30985,Pune,1992-09-12,HR
986,FirstName986,LastName986,30986,Bangalore,1992-09-13,Finance
987,FirstName987,LastName987,30987,Hyderabad,1992-09-14,Sales
988,FirstName988,LastName988,30988,Chennai,1992-09-15,Marketing
989,FirstName989,LastName989,30989,Delhi,1992-09-16,Support
990,FirstName990,LastName990,30990,Noida,1992-09-17,Admin
991,FirstName991,LastName991,30991,Gurgaon,1992-09-18,Operations
992,FirstName992,LastName992,30992,Mumbai,1992-09-19,IT
993,FirstName993,LastName993,30993,Pune,1992-09-20,HR
994,FirstName994,LastName994,30994,Bangalore,1992-09-21,Finance
995,FirstName995,LastName995,30995,Hyderabad,1992-09-22,Sales
996,FirstName996,LastName996,30996,Chennai,1992-09-23,Marketing
997,FirstName997,LastName997,30997,Delhi,1992-09-24,Support
998,FirstName998,LastName998,30998,Noida,1992-09-25,Admin
999,FirstName999,LastName999,30999,Gurgaon,1992-09-26,Operations
1000,FirstName1000,LastName1000,31000,Mumbai,1992-09-27,IT
